model,seed,corruption,accuracy,NLL,ECE,Brier,predictive_entropy,initial_predictive_entropy,prediction_change_rate,mean_gate,mean_relative_effective_update
A,1,gaussian_noise,0.46252,2.85998805393219,0.4066470821341872,0.9046085020542145,0.37893685402400096,0.37893685402400096,,,
A,1,shot_noise,0.58874,2.0442979341888425,0.294522702563405,0.6769906680727005,0.3418618129342591,0.3418618129342591,,,
A,1,impulse_noise,0.5271399999999999,2.2842657211685182,0.3143798291358352,0.7535204761505128,0.46693909997445354,0.46693909997445354,,,
A,1,defocus_blur,0.82848,0.6764245666694642,0.10219698013663292,0.2700558376455307,0.21129318292051497,0.21129318292051497,,,
A,1,glass_blur,0.55172,1.9805499698638915,0.2917139022022486,0.7122568336486816,0.4634926933864702,0.4634926933864702,,,
A,1,motion_blur,0.79392,0.8285595962637663,0.12793310644447803,0.3282710729724914,0.23722343118822783,0.23722343118822783,,,
A,1,zoom_blur,0.78938,0.8312587839627266,0.12344614629477263,0.3327958391112089,0.26584335599660525,0.26584335599660525,,,
A,1,snow,0.82484,0.7142690858364105,0.10738069671452045,0.28066157611846926,0.20801128267212304,0.20801128267212304,,,
A,1,frost,0.78808,0.894818036699295,0.130888946685791,0.33655448198318483,0.24484214779704228,0.24484214779704228,,,
A,1,fog,0.88326,0.47138305330097674,0.07146033172547818,0.18783276282325387,0.1404391545670596,0.1404391545670596,,,
A,1,brightness,0.93658,0.24515837679862976,0.03617777521312237,0.10193312315464019,0.08730200226211164,0.08730200226211164,,,
A,1,contrast,0.7692,0.9708618415641785,0.1398158313921094,0.358729168908596,0.27350826213264023,0.27350826213264023,,,
A,1,elastic_transform,0.85332,0.572036544702053,0.08355906601995229,0.23361750071883203,0.19284631389848655,0.19284631389848655,,,
A,1,pixelate,0.7453799999999999,1.2217701053333283,0.17604763311713936,0.42063421625614167,0.23549653639137397,0.23549653639137397,,,
A,1,jpeg_compression,0.79144,0.8354105670547485,0.125425703368783,0.33159560316562653,0.25187295877335475,0.25187295877335475,,,
A,1,speckle_noise,0.6272800000000001,1.793897355696559,0.2575623155519366,0.6051480794152617,0.3392683386112866,0.3392683386112866,,,
A,1,gaussian_blur,0.7223999999999999,1.1290719961237907,0.16985237710177897,0.4341112950372696,0.32442609446768067,0.32442609446768067,,,
A,1,spatter,0.8346399999999999,0.7205301704788208,0.10713418517380953,0.27007756073117256,0.17883716967115934,0.17883716967115934,,,
A,1,saturate,0.9209,0.3079339404112101,0.045507827304303645,0.126473270598948,0.10611555968980421,0.10611555968980421,,,
A,2,gaussian_noise,0.46321999999999997,2.8687032814407347,0.41650436239004135,0.9176186499023438,0.35316952052098816,0.35316952052098816,,,
A,2,shot_noise,0.59,2.0768345586681365,0.30713554925888775,0.6907700068879128,0.3061405996648758,0.3061405996648758,,,
A,2,impulse_noise,0.54116,2.08766779504776,0.2963991552111507,0.7219577890825272,0.48507861475794867,0.48507861475794867,,,
A,2,defocus_blur,0.83716,0.6670688064193726,0.10092957810938359,0.2603500079059601,0.18994266825301137,0.18994266825301137,,,
A,2,glass_blur,0.56332,1.9331545392608642,0.27976454634815456,0.6906284937286377,0.470694639887996,0.470694639887996,,,
A,2,motion_blur,0.79426,0.8444439737415314,0.12770143753081561,0.3291602997159958,0.23804985966749723,0.23804985966749723,,,
A,2,zoom_blur,0.80204,0.7977346787834168,0.11749625983297825,0.31469596533298494,0.2458043260872911,0.2458043260872911,,,
A,2,snow,0.83538,0.6693533004760742,0.09839848848640918,0.26359148018360135,0.20332150176422759,0.20332150176422759,,,
A,2,frost,0.80662,0.8193743737030029,0.11689788942039013,0.309270538315773,0.2335024568254777,0.2335024568254777,,,
A,2,fog,0.89042,0.4420846638774872,0.06633570743530989,0.1759621348142624,0.1343804139068228,0.1343804139068228,,,
A,2,brightness,0.93894,0.23646645201683045,0.03390959485501051,0.09791728161334991,0.08811996517301857,0.08811996517301857,,,
A,2,contrast,0.7719,0.9951683986282349,0.1486895580509305,0.36585274440288545,0.24325158181855833,0.24325158181855833,,,
A,2,elastic_transform,0.85312,0.5733999631786346,0.08421884536802769,0.2341332574748993,0.1942209743508068,0.1942209743508068,,,
A,2,pixelate,0.74946,1.2066250319766998,0.172776653547585,0.41140475402832033,0.23409925126729839,0.23409925126729839,,,
A,2,jpeg_compression,0.79976,0.7958921144104004,0.1181364214795828,0.3175073417711258,0.25019074972717326,0.25019074972717326,,,
A,2,speckle_noise,0.63238,1.801763849773407,0.26481257264971736,0.6106562933206559,0.3069317666021234,0.3069317666021234,,,
A,2,gaussian_blur,0.75108,1.0718000327301025,0.1584024875921011,0.3977239958333969,0.2734405905941533,0.2734405905941533,,,
A,2,spatter,0.84716,0.6392474068641663,0.09365645448446275,0.2480940460896492,0.18358733042636974,0.18358733042636974,,,
A,2,saturate,0.92292,0.2994028001344204,0.04388098344504833,0.12335417929410934,0.10541382553515287,0.10541382553515287,,,
A,3,gaussian_noise,0.45766,2.883494682540894,0.427616559471488,0.9347119107532501,0.3460788448931294,0.3460788448931294,,,
A,3,shot_noise,0.59302,1.9987978263187407,0.29914963742733003,0.6821622539281845,0.32406757091792127,0.32406757091792127,,,
A,3,impulse_noise,0.53784,2.1334657466316225,0.29410945379674436,0.7231354788541794,0.49795881901565825,0.49795881901565825,,,
A,3,defocus_blur,0.81788,0.7516525206565856,0.11065695626944304,0.28872468693733216,0.2129590719168703,0.2129590719168703,,,
A,3,glass_blur,0.5692200000000001,1.9169129804611205,0.2832388827830553,0.6868222173118591,0.43712891594922054,0.43712891594922054,,,
A,3,motion_blur,0.78294,0.9096929810714722,0.13578710675686598,0.34823266236305234,0.2439519660153758,0.2439519660153758,,,
A,3,zoom_blur,0.7823599999999999,0.8699041299915314,0.12572331464082004,0.3410698427295685,0.2745047739603941,0.2745047739603941,,,
A,3,snow,0.8271,0.717486272945404,0.10337944940298796,0.27641858325481417,0.21109896259895672,0.21109896259895672,,,
A,3,frost,0.79848,0.8578202947044372,0.12443286246508359,0.3232804807472229,0.23376507988485945,0.23376507988485945,,,
A,3,fog,0.88984,0.4389739955711365,0.06618650011390448,0.17552806344032287,0.1342015658177744,0.1342015658177744,,,
A,3,brightness,0.93604,0.24629824244499207,0.03615499750584364,0.10188321938037873,0.0878650304964176,0.0878650304964176,,,
A,3,contrast,0.76486,0.9911275083065033,0.1506727005404234,0.37105370844364166,0.25703261290962925,0.25703261290962925,,,
A,3,elastic_transform,0.8452,0.6086107646465302,0.08948561475247145,0.24575693545818328,0.19757060941300297,0.19757060941300297,,,
A,3,pixelate,0.74152,1.2570824152946471,0.17976816071242094,0.42472687227725986,0.23460994186332448,0.23460994186332448,,,
A,3,jpeg_compression,0.788,0.8641191313171387,0.1296955536070466,0.33840670934677125,0.24767771590356716,0.24767771590356716,,,
A,3,speckle_noise,0.6398,1.682582773923874,0.2483071018138528,0.5883740016937256,0.3338288718092552,0.3338288718092552,,,
A,3,gaussian_blur,0.72024,1.1864397182273865,0.17191823435097933,0.438052125043869,0.3166163688541914,0.3166163688541914,,,
A,3,spatter,0.83696,0.7116100200748444,0.10263075615227223,0.2673487414121628,0.18571821782302636,0.18571821782302636,,,
A,3,saturate,0.92076,0.31194830472707746,0.04508143636673689,0.1269581376385689,0.10655646748094201,0.10655646748094201,,,
A,4,gaussian_noise,0.44888,2.7360410937881467,0.41316467212319374,0.9206160570859909,0.4061268259703167,0.4061268259703167,,,
A,4,shot_noise,0.57806,1.9981825890254974,0.30149088119626044,0.6960830863547325,0.35567432634757773,0.35567432634757773,,,
A,4,impulse_noise,0.539,2.1120544754981996,0.3079223624888062,0.7341074664402008,0.45426266196779036,0.45426266196779036,,,
A,4,defocus_blur,0.82256,0.7308737168085575,0.11015637896329164,0.28307818123221395,0.20062363908657047,0.20062363908657047,,,
A,4,glass_blur,0.56686,1.8704723542022705,0.27257615331709384,0.6785947804260254,0.47496965744996444,0.47496965744996444,,,
A,4,motion_blur,0.77814,0.9170421489334106,0.137914390797019,0.3551226243686676,0.25043985967710675,0.25043985967710675,,,
A,4,zoom_blur,0.7850199999999999,0.8682066781520843,0.12961127455472946,0.3409202320098877,0.2556175911233819,0.2556175911233819,,,
A,4,snow,0.82562,0.7154585314178467,0.10475605689436197,0.2782602760720253,0.21181043073016625,0.21181043073016625,,,
A,4,frost,0.7770400000000001,0.9487102768611908,0.13729502824902534,0.3545257144021988,0.25789129543433054,0.25789129543433054,,,
A,4,fog,0.88406,0.470400740584135,0.07040857593506575,0.18674679157853127,0.1388160822661029,0.1388160822661029,,,
A,4,brightness,0.9365399999999999,0.23892337012290957,0.035701569637060164,0.10059654726147652,0.08735484104181902,0.08735484104181902,,,
A,4,contrast,0.75586,1.0790373960161208,0.15766281316518785,0.3901525218844414,0.25915335397007844,0.25915335397007844,,,
A,4,elastic_transform,0.8475,0.5992319053840637,0.08789289232373237,0.2427245168352127,0.19598168340274888,0.19598168340274888,,,
A,4,pixelate,0.75214,1.1674513333153724,0.17002027968406677,0.4059270687842369,0.2316350698459844,0.2316350698459844,,,
A,4,jpeg_compression,0.79246,0.8248421273612976,0.12412154607445001,0.3289957532787323,0.2504312655652722,0.2504312655652722,,,
A,4,speckle_noise,0.61496,1.7663659661823512,0.26578829174220564,0.624167146769762,0.35228176531998645,0.35228176531998645,,,
A,4,gaussian_blur,0.72762,1.1958567498540877,0.17935669477313756,0.4376798485982418,0.2744786676842041,0.2744786676842041,,,
A,4,spatter,0.84352,0.6765838331755996,0.09841778616815805,0.2559781942615844,0.1782616115584038,0.1782616115584038,,,
A,4,saturate,0.92212,0.29683453369237484,0.043709084029495714,0.12312947206033394,0.10611047351934627,0.10611047351934627,,,
A,5,gaussian_noise,0.47136,2.756142785434723,0.38892687572300433,0.8745816211509705,0.40071475164080067,0.40071475164080067,,,
A,5,shot_noise,0.59908,1.9746842102384567,0.28031243800371886,0.6508019012618065,0.34839612390957947,0.34839612390957947,,,
A,5,impulse_noise,0.52842,2.3677097151756286,0.3270216013544798,0.7649470909357071,0.424040395718285,0.424040395718285,,,
A,5,defocus_blur,0.82032,0.7560371969509124,0.11366032620519399,0.28862971197128295,0.1991143468411657,0.1991143468411657,,,
A,5,glass_blur,0.57756,1.8983425833511351,0.2728014086908102,0.6708221769046784,0.4434884519984032,0.4434884519984032,,,
A,5,motion_blur,0.78068,0.9077244672584533,0.13647934333235026,0.35029853691101076,0.2477886670189444,0.2477886670189444,,,
A,5,zoom_blur,0.77548,0.9314472399711609,0.13861501745373012,0.35921736103534696,0.2563712854583797,0.2563712854583797,,,
A,5,snow,0.83562,0.6737624510192871,0.09813733762294054,0.2615976054430008,0.20119514837376656,0.20119514837376656,,,
A,5,frost,0.7984,0.8662882257461547,0.1237846950957179,0.3224594965171814,0.23376623822979803,0.23376623822979803,,,
A,5,fog,0.8857,0.4654218505859375,0.07002693832755089,0.18371203878879547,0.13532968356460565,0.13532968356460565,,,
A,5,brightness,0.93944,0.23835533428668976,0.03368387108415365,0.09776480378627778,0.08567225687488463,0.08567225687488463,,,
A,5,contrast,0.77224,0.9354151126813889,0.1371968476086855,0.3509108179497719,0.27170354978462535,0.27170354978462535,,,
A,5,elastic_transform,0.8452999999999999,0.6068327864551544,0.08931755986303092,0.24540109230995177,0.19870466061825864,0.19870466061825864,,,
A,5,pixelate,0.75562,1.162295491502285,0.16497827797919512,0.3995591544866562,0.23641219937474264,0.23641219937474264,,,
A,5,jpeg_compression,0.79316,0.82381912733078,0.12299161721527577,0.3291473825550079,0.25397301799646,0.25397301799646,,,
A,5,speckle_noise,0.63648,1.7834142394793033,0.24582859840333462,0.5876453672003746,0.3372623639502999,0.3372623639502999,,,
A,5,gaussian_blur,0.72916,1.203473076686859,0.17799504796862603,0.43659656733751295,0.27580515965917524,0.27580515965917524,,,
A,5,spatter,0.85272,0.6191254935407638,0.08851254190891981,0.23916213364243508,0.18013624930821068,0.18013624930821068,,,
A,5,saturate,0.92038,0.31091870143294337,0.044864150607585904,0.12684256719470954,0.10860081628948275,0.10860081628948275,,,
C,1,gaussian_noise,0.47452,2.6825576522254946,0.3858672790196538,0.8711293899869919,0.40494934042259817,0.41049959932075986,0.01654,,0.07644675152712811
C,1,shot_noise,0.60118,1.9143131211090088,0.27554665624558927,0.6469449871468544,0.3600737467263639,0.36365381093068516,0.01716000000000002,,0.075615056249288
C,1,impulse_noise,0.54678,2.119017744255066,0.30009307244986294,0.7202076866722107,0.4534900628352817,0.45178180145741326,0.03172000000000001,,0.07689996970355126
C,1,defocus_blur,0.83192,0.6490224234533309,0.0970563732406497,0.2625074302625656,0.21849197107682675,0.2162522296401854,0.015379999999999994,,0.07598430693507095
C,1,glass_blur,0.57674,1.8991950717544555,0.2706019979560375,0.6737430247020721,0.4555484151064581,0.44872183116181985,0.029480000000000017,,0.07811793996821896
C,1,motion_blur,0.7923600000000001,0.8263670216178894,0.1275954931050539,0.3305985563516617,0.24591225342885475,0.24498079912641493,0.016680000000000007,,0.07693321327703606
C,1,zoom_blur,0.79158,0.8191224795341492,0.12092241589277983,0.32873509204626084,0.26796311079811946,0.2662172908588554,0.018080000000000006,,0.07753604982776616
C,1,snow,0.82236,0.7434520734214782,0.10951309473931789,0.28567791770458223,0.2093183544551692,0.20863682170955056,0.014160000000000016,,0.07428754369741059
C,1,frost,0.79426,0.8928695327472687,0.128109486694932,0.32945459592342374,0.23582991155022465,0.23558287285498342,0.013480000000000047,,0.07418347940660087
C,1,fog,0.88994,0.4352865136408806,0.06658502985268831,0.17632819072246553,0.13681733007172325,0.13648747325513105,0.009160000000000012,,0.07322649829605322
C,1,brightness,0.93894,0.23983464182376862,0.03412042909622193,0.09890501718878746,0.08625176801668392,0.08694486073641747,0.006579999999999986,,0.07114461960797225
C,1,contrast,0.7823,0.864624867105484,0.13138301607072353,0.3385984157371521,0.26895135444932794,0.2601699440606372,0.01621999999999999,,0.07751456628598832
C,1,elastic_transform,0.84922,0.5820636661624908,0.08675115316152572,0.2392963236093521,0.1988344499775447,0.1987436572893639,0.014020000000000032,,0.07504643613129824
C,1,pixelate,0.7612599999999999,1.1086420849609375,0.16111606506973505,0.3894774527835846,0.2355195080168362,0.23484621747866652,0.014440000000000008,,0.07408226582638955
C,1,jpeg_compression,0.79936,0.8043506755638123,0.1193200733795762,0.3201624361896515,0.24886766955948902,0.24818159625532046,0.016859999999999986,,0.07605280580943007
C,1,speckle_noise,0.6394,1.6899666288936137,0.24100935785949232,0.5793161992055923,0.35120329673269357,0.35347400778214566,0.017859999999999966,,0.07540705469054519
C,1,gaussian_blur,0.73772,1.031249172449112,0.15424561917126178,0.40493109847068787,0.3278468062649263,0.3208033643666981,0.021019999999999973,,0.07935589363686321
C,1,spatter,0.83806,0.693357170381546,0.10239792728304863,0.2633263134050369,0.18486623502847271,0.18224593597686733,0.013920000000000021,,0.07355847766409397
C,1,saturate,0.9224,0.3070010285794735,0.043581315538585186,0.1246997747219354,0.10816388264821697,0.10818718030290707,0.007320000000000016,,0.07165861182286264
C,2,gaussian_noise,0.39188,3.7012491720199585,0.5046910934075713,1.0771244606781005,0.3047034855389164,0.31278515623677117,0.014339999999999974,,0.0725209671822831
C,2,shot_noise,0.52982,2.6258469724082945,0.37164011434763666,0.8128617403888703,0.29018444314777736,0.29641788359494936,0.014379999999999993,,0.07245895392606247
C,2,impulse_noise,0.52924,2.1539583157157898,0.30992691279232504,0.7405994444561005,0.472273848036906,0.4687381029264437,0.025819999999999975,,0.0756409824090257
C,2,defocus_blur,0.82952,0.7133417958843709,0.11126771111190319,0.2758709332805872,0.18197706388203427,0.18103471228258045,0.012799999999999988,,0.07237659891856357
C,2,glass_blur,0.55986,1.9917667086029054,0.2949619279187918,0.7069693342781067,0.4332095555064152,0.42897025418584,0.022,,0.0765736393081946
C,2,motion_blur,0.78374,0.9101919906234741,0.14159456361174583,0.3496955913591385,0.2272739383220172,0.2268836007780634,0.013499999999999979,,0.07339970688599391
C,2,zoom_blur,0.78988,0.8732050915437937,0.13129620076149703,0.3387330713072419,0.2408728033389093,0.24002928456687894,0.015199999999999991,,0.07428142771155354
C,2,snow,0.82648,0.7204207131004333,0.10626292295306922,0.2787547703790665,0.206153093762754,0.20693677407338984,0.012240000000000006,,0.07218623191478035
C,2,frost,0.77852,0.9927619906616211,0.14434342957109214,0.35844180059432984,0.2315815521263698,0.23391192255819915,0.01319999999999999,,0.0721139691210534
C,2,fog,0.88548,0.47082666420757774,0.07158374802619219,0.18536943737313152,0.13324698739775923,0.13345860971313903,0.008079999999999999,,0.07047379060984703
C,2,brightness,0.93818,0.24094537482738496,0.035640092056393624,0.09939247005939483,0.08360447897864738,0.08448449858010455,0.004980000000000007,,0.06886081246184415
C,2,contrast,0.7671,0.9843026162838936,0.14755211948722602,0.3670829511284828,0.2563745199210348,0.2499238542254409,0.018399999999999993,,0.07430153833522574
C,2,elastic_transform,0.8480800000000001,0.6000337608790398,0.08927267465144396,0.24173258875370024,0.19197307355989585,0.19271049665320605,0.012759999999999994,,0.07239844174859812
C,2,pixelate,0.74924,1.1798760582828522,0.16933668444275857,0.40688770928859713,0.2446725616337033,0.24495143932265462,0.014059999999999984,,0.07186686943383484
C,2,jpeg_compression,0.7949,0.825767883682251,0.12474807344406842,0.3262906912994385,0.2437719520092383,0.24336307868047385,0.015580000000000016,,0.07341542173519965
C,2,speckle_noise,0.57786,2.2292521152400973,0.31969059270650146,0.7149986613082886,0.30126941847993993,0.3068124624777795,0.01512,,0.07253381517005811
C,2,gaussian_blur,0.73618,1.1585726291322709,0.1809814697292447,0.42977774027466775,0.2522888238658832,0.2481700091418647,0.017620000000000014,,0.07479060655475432
C,2,spatter,0.85048,0.6316039788246155,0.09288723493695258,0.24338959815263747,0.1742136437178869,0.17383761909496737,0.011360000000000014,,0.07106430782243102
C,2,saturate,0.92354,0.3028532503604889,0.04426239003419876,0.12336754831671715,0.10168960252899852,0.10184242065765167,0.0065999999999999835,,0.06914293790741682
C,3,gaussian_noise,0.48344000000000004,2.7769499744796753,0.3927385299888253,0.8724914467144012,0.35672105095531326,0.3629269891560549,0.023780000000000003,,0.07463416364788628
C,3,shot_noise,0.61296,1.9365310872268677,0.2791321314677596,0.641278361210823,0.315392635771177,0.3199028973406041,0.018920000000000003,,0.07393323681436444
C,3,impulse_noise,0.57366,1.9614278735733033,0.28387570940196516,0.6782583406877518,0.42233973034117256,0.41328438216758484,0.028260000000000042,,0.07608294854363133
C,3,defocus_blur,0.83244,0.6987604742288589,0.10866382988721132,0.27096112575769427,0.18113622387364506,0.1799254230147449,0.0123,,0.0736560848413752
C,3,glass_blur,0.54344,2.15093819229126,0.3099177794060111,0.7359376924514771,0.4343019001715933,0.428772394991006,0.027719999999999988,,0.07748070195586461
C,3,motion_blur,0.78828,0.8916002824211121,0.13592191545754673,0.34414872825622556,0.2318188125952182,0.23147943608607224,0.015639999999999987,,0.07506488847765012
C,3,zoom_blur,0.7943399999999999,0.8418598307800294,0.12804541513413192,0.3299025019073486,0.23653563593868632,0.2368271022894379,0.01569999999999998,,0.07561065692801626
C,3,snow,0.82364,0.7475649139022827,0.11140783026099206,0.2842434694862366,0.19723609039905132,0.19758023136320058,0.013219999999999987,,0.07294037238051554
C,3,frost,0.79466,0.9017352735328674,0.12863657063692807,0.329390227804184,0.23131762768281622,0.23281837548309764,0.013280000000000004,,0.07313984784810915
C,3,fog,0.88814,0.4658783460712433,0.06902455905884504,0.18167868033409118,0.13179885431107483,0.13265249114332198,0.008119999999999994,,0.07168956687309602
C,3,brightness,0.93698,0.2539999060726166,0.0360609680211544,0.10211337305545806,0.08568281681187975,0.08664049400010554,0.005699999999999994,,0.06998132693106546
C,3,contrast,0.75812,1.0438236509513854,0.15395720917224884,0.3803310458803177,0.26683144630873923,0.26060974781884,0.018699999999999984,,0.07568127519844252
C,3,elastic_transform,0.8502000000000001,0.5949856826591492,0.08949274960875511,0.23990611261367797,0.18501403471845376,0.1862444084531939,0.012840000000000008,,0.07354392150624467
C,3,pixelate,0.76128,1.1443774644947051,0.16292359034746887,0.39105936017513276,0.22705690820809687,0.228398419667001,0.015559999999999996,,0.0722502461798421
C,3,jpeg_compression,0.7976599999999999,0.8308997219848633,0.12454526655554772,0.32416398768424987,0.23489983816724447,0.23481319056525127,0.01584000000000001,,0.07410478239152399
C,3,speckle_noise,0.65346,1.6561190583133698,0.23848076706677673,0.5632595555973052,0.31535155809876975,0.3181508978535142,0.02098,,0.07374680391884555
C,3,gaussian_blur,0.7426200000000001,1.1162402896022796,0.1722394475993514,0.41667736516714093,0.25982771563029555,0.2551917681384098,0.016980000000000016,,0.07623050444110482
C,3,spatter,0.8487399999999999,0.6543326986598968,0.09577365780472756,0.24843960243225097,0.170738913914492,0.1701891746351245,0.0123,,0.07190479411855699
C,3,saturate,0.92048,0.3224654538297653,0.046754517052173615,0.12896215789794924,0.10288875295311271,0.10368255043416226,0.00656000000000001,,0.0703606105455958
C,5,gaussian_noise,0.4484,3.0240101771736145,0.4261484259223938,0.9363226840782166,0.3613744587316207,0.3633099590860575,0.026800000000000025,,0.07512065564921677
C,5,shot_noise,0.58136,2.134066293081045,0.30613119107544423,0.6969354047995806,0.3277883926103596,0.32896977895025425,0.02218,,0.07442269234383575
C,5,impulse_noise,0.50238,2.5816140977954865,0.3593166018119454,0.8236948779630662,0.4099434561223543,0.39556417202718264,0.029199999999999983,,0.0747506166837237
C,5,defocus_blur,0.8229,0.7259648500442505,0.11151034865915775,0.28290099565505983,0.2000206832831225,0.1992717520578034,0.012040000000000028,,0.07422847429532378
C,5,glass_blur,0.5593,1.995832356376648,0.2938174151223898,0.7066493276500702,0.438997322852466,0.43721959761169277,0.028739999999999988,,0.07844258157525821
C,5,motion_blur,0.76782,0.9919556163692475,0.15242436049491168,0.3754471596956253,0.24077529373152065,0.24035019100617996,0.014680000000000026,,0.07541388412533942
C,5,zoom_blur,0.77512,0.907226893787384,0.13725781728059053,0.35623759934425353,0.26485518203731395,0.2647881036427728,0.01684000000000001,,0.07629115228857741
C,5,snow,0.83124,0.7139278568172455,0.10556788217902184,0.2739607928752899,0.19357716299706634,0.19431775391607545,0.012440000000000007,,0.07329541179748131
C,5,frost,0.79084,0.8945166610240937,0.13195066475450992,0.3343280224561691,0.232494933398001,0.23386348246302047,0.014099999999999979,,0.0738571889445466
C,5,fog,0.872,0.5388173681545257,0.08297131593823433,0.20892025863170624,0.13904038999540091,0.13898807676511002,0.008499999999999997,,0.0721860905314118
C,5,brightness,0.93598,0.2532516553354263,0.03807363055378199,0.10334402126312256,0.08271053142272111,0.08314644197845278,0.0049799999999999844,,0.07016981447821728
C,5,contrast,0.74808,1.0919592063856125,0.16143330003738404,0.3965862156152725,0.2722556817276252,0.26750448987672104,0.01751999999999998,,0.0756797818002897
C,5,elastic_transform,0.8394,0.6524397772979736,0.0986064520868659,0.25823411736488344,0.18964895774708654,0.19069465143894368,0.012259999999999983,,0.07367810589554541
C,5,pixelate,0.76832,1.0601154446220398,0.1556744749739766,0.3765135978126526,0.2284453758168529,0.22805147543539117,0.015559999999999996,,0.07286308674562292
C,5,jpeg_compression,0.78858,0.8669271297836304,0.13150531517833472,0.33813547338485717,0.24128965453996615,0.241441206228722,0.015600000000000013,,0.07475775787772088
C,5,speckle_noise,0.62344,1.8752900108873845,0.2680442894116044,0.6212493931171298,0.31942219978803593,0.31949101026880206,0.02026000000000001,,0.07408627668152025
C,5,gaussian_blur,0.73332,1.1293041001844406,0.1689162418088317,0.42367789993286137,0.29471392141075164,0.2903800824574707,0.017659999999999988,,0.07672894875164077
C,5,spatter,0.85184,0.6371766432428361,0.0924017051589489,0.24318817156791686,0.17164505679999362,0.17033138918816346,0.012220000000000009,,0.07212242509496791
C,5,saturate,0.91966,0.32455151691019535,0.047449385853111745,0.13001002570386977,0.10319168365329155,0.10323612461843062,0.006619999999999982,,0.07057369702938394
D1,1,gaussian_noise,0.466,2.9640162216949464,0.4296640744525194,0.9306101893615722,0.30389376524148565,0.3834667170517123,0.029800000000000004,0.15214798348091965,0.0879698220163092
D1,1,shot_noise,0.59588,2.102318592071533,0.3110807248869538,0.6905608523631096,0.2732606890039914,0.34668494632885793,0.028559999999999985,0.13731760718643543,0.07921930079069012
D1,1,impulse_noise,0.54512,2.256132160396576,0.33301574310421944,0.7532210529708863,0.359764959970098,0.46992288065733123,0.04146000000000001,0.1839298427271826,0.09354221152460516
D1,1,defocus_blur,0.8308,0.7202678162670135,0.1101144215029478,0.27404783920526504,0.1769682822414137,0.22067689607272273,0.01714,0.08784447063124176,0.0576825157914892
D1,1,glass_blur,0.56732,1.9709986028671265,0.3063376608005166,0.7069704310035706,0.37388522531574475,0.49531856983263045,0.04696000000000002,0.19288074564523974,0.10922194060925254
D1,1,motion_blur,0.79962,0.8522459462165832,0.1325868071630597,0.3268364968109131,0.2037831726488404,0.2572183280470871,0.019000000000000017,0.10192559522079386,0.06496247068689748
D1,1,zoom_blur,0.79342,0.8675849816417694,0.12977202266186474,0.33093150514125824,0.22923700192701013,0.2877198433771345,0.023060000000000015,0.11430319590908881,0.07294344781169618
D1,1,snow,0.8324,0.7027431073379516,0.10946797016084193,0.27367431399822234,0.17764015077455697,0.22924580901055713,0.017379999999999996,0.0901200298733968,0.05318471983259069
D1,1,frost,0.80366,0.8405992678070069,0.12912640235096215,0.32022487335205074,0.203742926864592,0.2643185743123593,0.02133999999999998,0.10370514266253571,0.06112628601107192
D1,1,fog,0.88994,0.4419968373060226,0.06788100307941437,0.1765638193178177,0.12944375398389296,0.1631791615956748,0.01120000000000001,0.06468174785258646,0.040356099803521506
D1,1,brightness,0.93874,0.24152056326389312,0.03698999282300472,0.09998849725723266,0.07823852165164251,0.09717243695635115,0.005160000000000009,0.03875355801693076,0.02397175051855653
D1,1,contrast,0.76594,1.0625571497058868,0.15259063770622014,0.37194451889514923,0.2402745015119901,0.3050943407316471,0.03083999999999998,0.12056925662623481,0.07594792494626992
D1,1,elastic_transform,0.85394,0.5791917992019653,0.09102652828335762,0.23447989591121673,0.16729690786446794,0.21073204745863505,0.015700000000000002,0.08360632975808543,0.05207899981319743
D1,1,pixelate,0.76506,1.113254278049469,0.16688957801759244,0.39070086380004887,0.20547549387873382,0.26595886621273357,0.024399999999999998,0.1045845301067671,0.0558046232857036
D1,1,jpeg_compression,0.79322,0.8483430110168457,0.13432933162093164,0.33470617512702944,0.2166943868146575,0.2791468758781999,0.021439999999999994,0.10977444145415512,0.06676729735266221
D1,1,speckle_noise,0.6369,1.8383250076520443,0.2718607645335793,0.6144089144510031,0.2687511302467296,0.34251892928880523,0.026560000000000007,0.13541267456353437,0.07791182485641912
D1,1,gaussian_blur,0.73966,1.1523688027906418,0.1721870056602359,0.41832176395893095,0.25818036007932854,0.3263566969927266,0.027739999999999987,0.12915586238671892,0.08647209306935312
D1,1,spatter,0.84514,0.6728836046886444,0.10438182723671198,0.2565593919014931,0.15469678542719995,0.19762539553578296,0.01472,0.07805383852635117,0.04486718511775685
D1,1,saturate,0.92074,0.31164823081970217,0.04951365200519562,0.12824682098865509,0.09403344677231013,0.11690134011500632,0.0066200000000000035,0.046607908425281445,0.028586736854609843
D1,2,gaussian_noise,0.4742,2.810885929756165,0.4018559271168709,0.8897578808403015,0.35799440998890614,0.4412103978056647,0.038900000000000025,0.17571873605123722,0.1040813270836497
D1,2,shot_noise,0.60186,2.0316796593236925,0.29343125597566366,0.6661191275072098,0.3049990035679599,0.37870526828671397,0.03304,0.1505962515172214,0.08911356999122115
D1,2,impulse_noise,0.53316,2.4980440442657468,0.36095511379778383,0.8004154848814011,0.317839384626695,0.3995299586394208,0.038880000000000005,0.1577152500368934,0.08749331074627348
D1,2,defocus_blur,0.81914,0.7981817469978333,0.1268236614498496,0.3008920913171768,0.16318261830375588,0.1994179577732197,0.015880000000000005,0.07990940546814158,0.05112779380832109
D1,2,glass_blur,0.57456,1.9376295449447631,0.2937362115877867,0.6912745938682556,0.38569981214027155,0.4954175659443118,0.050980000000000004,0.19431317763775693,0.11433750514610704
D1,2,motion_blur,0.78324,0.9432959824562073,0.1461263743239641,0.3565150839662552,0.2094096928572585,0.2584232108469389,0.02183999999999999,0.10309668833581508,0.06542253874939459
D1,2,zoom_blur,0.7736999999999999,0.9770251224136353,0.1533447670686245,0.37080345956325533,0.21704043611906584,0.2660125616453,0.02240000000000002,0.10652237794398116,0.06757362929475323
D1,2,snow,0.828,0.7313047316837311,0.1134891763484478,0.28179735087394714,0.17677740943415207,0.22228367570632138,0.01854,0.08799892267577195,0.05363165977819504
D1,2,frost,0.7934,0.9209132083511352,0.13866607546955348,0.3396348752784729,0.2047645805117808,0.25807639287283846,0.0226,0.10207603008404253,0.06158074618209798
D1,2,fog,0.8886999999999999,0.449678054189682,0.071566307246387,0.18002675116539002,0.12176289887052087,0.1497262985314324,0.011240000000000028,0.059802194068909645,0.037878954204909325
D1,2,brightness,0.93564,0.2571126543521881,0.040428255918622015,0.10562549449920654,0.07576416138616973,0.09190983904361026,0.006000000000000005,0.036907962759097766,0.0236225497179738
D1,2,contrast,0.76284,1.031864046974182,0.15971933289289475,0.3808532442235947,0.23332132629906702,0.2919608030332258,0.02631999999999999,0.1152577960497067,0.06426595849462355
D1,2,elastic_transform,0.8461000000000001,0.6276337033271789,0.09751768688768148,0.24964744988441467,0.16898826411543122,0.20742895382066082,0.017280000000000007,0.08297686989293569,0.05251940244978462
D1,2,pixelate,0.74912,1.2187329077148439,0.18411617756277324,0.4211354016637802,0.1998696466351929,0.24828001914673134,0.026620000000000022,0.09891945814557218,0.05311104283804449
D1,2,jpeg_compression,0.79478,0.8498657762145996,0.13550072527825832,0.334388328294754,0.2083869937999628,0.26155861466236413,0.02147999999999999,0.10353705973197823,0.06448204076632513
D1,2,speckle_noise,0.63904,1.794526494987011,0.2594804328504205,0.5965270327313245,0.2962740497950662,0.3697915389181249,0.03204,0.14676231818273383,0.08645526537054349
D1,2,gaussian_blur,0.71416,1.3485443035125733,0.21144320921003817,0.4800333776760101,0.2220404100194818,0.2739460109421355,0.023719999999999984,0.10927765976957803,0.06936232526277357
D1,2,spatter,0.84554,0.6556872758865356,0.10256274840652943,0.2547300493049622,0.15696576030255877,0.19594931937511545,0.01581999999999999,0.07779806696142827,0.04792205966948406
D1,2,saturate,0.92022,0.3228649961453676,0.04960902117729187,0.13059071913253517,0.09341553992573637,0.11419036812524894,0.00788000000000002,0.04571017500827952,0.028914694349964704
D1,3,gaussian_noise,0.4773,2.9008215548324583,0.41555329959750176,0.9062809314727783,0.31196437922765413,0.37617389059040957,0.03283999999999998,0.15116626994066407,0.09833414719340125
D1,3,shot_noise,0.603,2.0635622518730163,0.30023966493427756,0.6739141270637512,0.28200245452351225,0.3408378755544149,0.029339999999999988,0.13687807620246648,0.0886756701058739
D1,3,impulse_noise,0.57106,1.9610848838460446,0.2878787045508623,0.6843204626387358,0.41290095712760233,0.5165334749063303,0.05023999999999997,0.2033108345901811,0.11773252317772087
D1,3,defocus_blur,0.82636,0.7415925947999954,0.11779001300513744,0.284413294479847,0.16783859561967607,0.2001503144421766,0.01449999999999998,0.08064291916131783,0.055828301035190625
D1,3,glass_blur,0.55398,2.0497981995773316,0.31138865456521514,0.7264045887470245,0.394527988341673,0.49856022280828677,0.05179999999999998,0.1960747896679227,0.11987937030564504
D1,3,motion_blur,0.77844,0.9531344197463989,0.1491578292429447,0.3619549502849579,0.21440269502703332,0.2575304840711516,0.01983999999999999,0.10348697049412314,0.07067322086983435
D1,3,zoom_blur,0.78996,0.8888993416023254,0.13835226709008216,0.3426253930044174,0.21473160502886515,0.25743847989390023,0.020600000000000018,0.10354647334884037,0.0703483418022483
D1,3,snow,0.83626,0.6838732043075562,0.10540267436653376,0.265398787727356,0.17731464693199844,0.2185807174692239,0.015979999999999994,0.08691132504330792,0.056359245354797034
D1,3,frost,0.7981199999999999,0.8934630419445038,0.1340439070892334,0.3295330324697494,0.20304819332573446,0.25089570579966414,0.02235999999999998,0.09970700735075767,0.06508481726269419
D1,3,fog,0.8888199999999999,0.46053152190208435,0.07222778022944927,0.181681994702816,0.11953022559312813,0.1432817861596949,0.009999999999999986,0.05767396564191047,0.03936009884244222
D1,3,brightness,0.93672,0.24518214580059053,0.03739028627425432,0.10273053734540939,0.08143359327367244,0.09752144582981563,0.006259999999999999,0.03924748758880863,0.02657890955598276
D1,3,contrast,0.7714,0.9848735440063476,0.14713691148996355,0.35866736664056775,0.23627736612271458,0.2916708479024429,0.021740000000000002,0.11525058736281663,0.07603932473147598
D1,3,elastic_transform,0.8455,0.6232802631092071,0.09723992292463779,0.24882169246196748,0.1720237897202873,0.2059116901034978,0.016159999999999997,0.08292258169874238,0.056000425730188215
D1,3,pixelate,0.7622599999999999,1.1475425224971771,0.17097424404859543,0.39713649107456206,0.19997337915756855,0.24282406034996792,0.027279999999999992,0.0973563868755157,0.05620205542463706
D1,3,jpeg_compression,0.7978,0.8370537879943848,0.13141023962795734,0.32764977855682376,0.21197085482932396,0.2598448483521247,0.021179999999999997,0.10354490023964036,0.06823359491299963
D1,3,speckle_noise,0.64146,1.8036201993915437,0.26267583088159563,0.5982634572568536,0.2810124500911241,0.34183539967215504,0.028719999999999968,0.1368667324853599,0.08807117005436535
D1,3,gaussian_blur,0.73488,1.2021465256452561,0.18828526194691658,0.43741583924770355,0.22873919635979284,0.27645847921648264,0.02185999999999999,0.11075730619101917,0.07661508000416359
D1,3,spatter,0.85122,0.6218879595375061,0.09703134594231844,0.2432470413303375,0.1577779107580267,0.19307204335854622,0.014900000000000002,0.07703888430912054,0.048780770703012406
D1,3,saturate,0.92148,0.30804253333568576,0.048049792287945745,0.12740098802804947,0.09603633479002456,0.11537931873631954,0.007100000000000018,0.046372124030471314,0.03095417732125518
D1,4,gaussian_noise,0.54666,2.1402317325592044,0.31397886718481777,0.7354228631782532,0.4042847516016179,0.4854391673678451,0.04900000000000002,0.19551901161677943,0.10509821585406937
D1,4,shot_noise,0.6597,1.5894268300533294,0.2269509483978152,0.5490786383318901,0.3298774859007087,0.39685164313287413,0.038680000000000006,0.15979592374110235,0.08574351087995986
D1,4,impulse_noise,0.5466,2.2075099276924135,0.32034091437339784,0.7397442885541916,0.39716394344065803,0.4852977031435992,0.06502,0.19418865962618,0.09090676694699551
D1,4,defocus_blur,0.82588,0.7361306332969666,0.11256391645997763,0.28071028893232347,0.18411135597196698,0.21376739166842715,0.016139999999999998,0.08736121193566136,0.04949322714998242
D1,4,glass_blur,0.59028,1.8248805835342408,0.2722591694998741,0.6574167162132263,0.4041651544509537,0.5008187853097776,0.05931999999999997,0.19929244227618192,0.10270708495919685
D1,4,motion_blur,0.78916,0.8869577163600921,0.13870055710852147,0.34280492975711824,0.21518907337583834,0.25274577119708763,0.020420000000000015,0.10287753015322844,0.05770338586043162
D1,4,zoom_blur,0.78706,0.8780614672529697,0.1341945438453555,0.34101872404813766,0.23418725799595472,0.2729117000338307,0.022440000000000015,0.11140582695274555,0.062008715301326636
D1,4,snow,0.8315,0.7102735847568512,0.10797370392024516,0.2747782915019989,0.18348229003140878,0.21932350838460785,0.01854,0.08855518936336915,0.048140278631511255
D1,4,frost,0.8034,0.8559985576438904,0.1279978659799695,0.31940713061332704,0.2059522358230484,0.24828379897156788,0.022540000000000004,0.10003769308961608,0.05447253010423325
D1,4,fog,0.88778,0.470895947432518,0.07379534933924675,0.18477829382658004,0.11813172399883158,0.13857686229414481,0.009440000000000004,0.05643050657881695,0.03152135529938037
D1,4,brightness,0.9372199999999999,0.24828003237247467,0.03803000710785389,0.10228618106126786,0.07863027218126575,0.0914175582783256,0.005459999999999998,0.037341473414075545,0.02052320104285449
D1,4,contrast,0.76702,1.0570024093723298,0.1638822191861272,0.3842357488679886,0.20846410012514563,0.24989435257142992,0.01971999999999998,0.10064922372996099,0.054799844767650256
D1,4,elastic_transform,0.85196,0.589528586063385,0.09042836829721927,0.23763178711891175,0.1740773598421202,0.20305745850602455,0.014559999999999995,0.08287323653025087,0.04626899055259491
D1,4,pixelate,0.7454999999999999,1.273124980096817,0.18751405585289002,0.4275069830751419,0.20101929864775273,0.24359248116492468,0.02787999999999997,0.09812732072426986,0.048950911064094264
D1,4,jpeg_compression,0.79274,0.8513402627182006,0.133758488047719,0.3352624052810669,0.21962428355757146,0.2612235765491449,0.02033999999999998,0.10564754220104931,0.058467988094768206
D1,4,speckle_noise,0.68172,1.4907380198764801,0.2111929082018137,0.5124404675385356,0.3132093204630318,0.3786767479886784,0.03529999999999998,0.15224448575277394,0.08086716125337802
D1,4,gaussian_blur,0.73514,1.1584007577037811,0.1708756540966034,0.42045323766469955,0.2755760254341725,0.32137420825207547,0.02956000000000001,0.1310315800179313,0.07468386130095227
D1,4,spatter,0.84262,0.6771476117777825,0.10416065897971391,0.2592760279250145,0.16409673656570142,0.19565905615940107,0.018079999999999985,0.079118332672036,0.04120596254671759
D1,4,saturate,0.91812,0.32217165593981745,0.05082578020513057,0.1319897849404812,0.09642115509049734,0.11212999762296152,0.008000000000000007,0.04581182462349369,0.02495024159201493
D1,5,gaussian_noise,0.47908,2.748245710430145,0.39829035950630903,0.8828465628242492,0.3529617267170228,0.3931296452904085,0.03018000000000003,0.16116710447756633,0.11304772016553619
D1,5,shot_noise,0.60406,1.9357401560127736,0.2872025529512763,0.6561816523909568,0.31500528189708854,0.35051768038919023,0.027559999999999984,0.14387231142231346,0.09752516294458614
D1,5,impulse_noise,0.52132,2.487845530433655,0.3424985877969861,0.7873354269123077,0.3925239613579452,0.43094214969293676,0.033420000000000005,0.17795444298115065,0.07731337520640646
D1,5,defocus_blur,0.8327,0.6994329592514038,0.10625662270992994,0.2690575213718414,0.18451619604996203,0.20269291705953366,0.014000000000000035,0.08407235227602583,0.05791274983503558
D1,5,glass_blur,0.55008,1.9945887780761717,0.2965251386639476,0.7171492979621887,0.45062381751186503,0.4984979012676998,0.03508,0.20513907641531143,0.09736957879490606
D1,5,motion_blur,0.77618,0.9394888291549683,0.14178729794979095,0.35961356273174283,0.24482804019838628,0.26967207334833393,0.017800000000000017,0.11157860905290494,0.07386539002179222
D1,5,zoom_blur,0.78904,0.8742365605926514,0.13036088913202287,0.33734758823871613,0.24136915934086078,0.2619783185168932,0.020320000000000005,0.10931403366182726,0.07324798690708664
D1,5,snow,0.83076,0.6971317614936828,0.10452318441957235,0.27165481943130493,0.194887965335279,0.21563306249179703,0.013119999999999998,0.08900499289648889,0.05157131643334213
D1,5,frost,0.79302,0.8924511977958679,0.1326225073608756,0.33410584094047546,0.22312230778678233,0.24787358659871708,0.016979999999999995,0.10203458103015028,0.06338114663605751
D1,5,fog,0.88726,0.4623377756023407,0.0707849544236064,0.18326138506412507,0.12878422678303178,0.14134585890131712,0.008419999999999983,0.05866130102372141,0.03814480192819007
D1,5,brightness,0.94026,0.23472033415794374,0.03481378011405468,0.0958518811893463,0.0799616613862128,0.08778443590821407,0.004239999999999999,0.03644255485344926,0.02277093392927214
D1,5,contrast,0.76754,1.0081546843242646,0.15135887655615807,0.36927568607091904,0.24611583229948475,0.2706571561056416,0.034339999999999996,0.11236728375151564,0.06384331927919137
D1,5,elastic_transform,0.8486400000000001,0.5977077139282226,0.0894139368095994,0.24221996924877165,0.18675376878615615,0.20363695754292246,0.01319999999999999,0.08472206324985372,0.05503864524267711
D1,5,pixelate,0.74952,1.2411122600650788,0.17716354799181225,0.41793196473121647,0.21771512499835285,0.2347322259033419,0.021220000000000017,0.09823198909272178,0.03523423003249637
D1,5,jpeg_compression,0.79296,0.8463569085884094,0.12771543848127126,0.3334505603313446,0.23756855783679406,0.2649884756984038,0.017600000000000015,0.10890302463325496,0.06700216870396629
D1,5,speckle_noise,0.64,1.712929401898384,0.25614274361342193,0.5921269392335414,0.3037447449686698,0.33953725254140504,0.024980000000000002,0.13903782201959425,0.09227234350474423
D1,5,gaussian_blur,0.74796,1.097984582862854,0.16199922078192233,0.4026898057460785,0.26724482157149815,0.2974912752778735,0.02367999999999999,0.12246722516686563,0.08480555718020395
D1,5,spatter,0.85276,0.6131934095382691,0.09068166477769612,0.23893553483724594,0.1725852499134501,0.1920378964054762,0.01322000000000001,0.07899169904938433,0.0416467775032711
D1,5,saturate,0.9231,0.3053066236579418,0.04539067920207977,0.12442789080321788,0.09902556985983683,0.10967361458911298,0.005899999999999994,0.04529680766445638,0.02861695774254211
